<?xml version="1.0" encoding="UTF-8"?>
<project-private xmlns="http://www.netbeans.org/ns/project-private/1">
    <editor-bookmarks xmlns="http://www.netbeans.org/ns/editor-bookmarks/2" lastBookmarkId="0"/>
    <open-files xmlns="http://www.netbeans.org/ns/projectui-open-files/2">
        <group>
            <file>file:/C:/Users/Tom/Documents/CSCI232/lab1/src/lab1/Lab1.java</file>
            <file>file:/C:/Users/Tom/Documents/CSCI232/lab1/src/lab1/jobs.java</file>
        </group>
    </open-files>
</project-private>
